<mujoco>

  <asset>
    <texture type="skybox" builtin="gradient" rgb1=".3 .5 .7" rgb2="0 0 0" width="512" height="512"/>
    <texture name="body" type="cube" builtin="flat" mark="cross" width="127" height="1278"
             rgb1="0.8 0.6 0.4" rgb2="0.8 0.6 0.4" markrgb="1 1 1" random="0.01"/>
    <material name="body" texture="body" texuniform="true" rgba="0.8 0.6 .4 1"/>
    <texture name="grid" type="2d" builtin="checker" width="512" height="512" rgb1=".1 .2 .3" rgb2=".2 .3 .4"/>
    <material name="grid" texture="grid" texrepeat="1 1" texuniform="true" reflectance=".2"/>
  </asset>

  <default>
    <motor ctrlrange="-1 1" ctrllimited="true"/>
    <default class="body">
      <geom type="capsule" condim="1" friction=".7" solimp=".9 .99 .003" solref=".015 1" material="body"/>
      <joint type="hinge" damping=".2" stiffness="1" armature=".01" limited="true" solimplimit="0 .99 .01"/>
      <default class="big_joint">
        <joint damping="5" stiffness="10"/>
        <default class="big_stiff_joint">
          <joint stiffness="300"/>
        </default>
      </default>
    </default>
  </default>
  
  <visual>
    <map force="0.1" zfar="30"/>
    <rgba haze="0.15 0.25 0.35 1"/>
    <quality shadowsize="4096"/>
    <global offwidth="800" offheight="800"/>
  </visual>

  <option gravity = "0 0 -9.81" />
   <worldbody>
      <light diffuse="0 0 0" pos="0 0 10" dir="0 0 -1"/>
      <geom name="floor" size="0 0 .05" type="plane" material="grid" condim="3"/>
      <body pos="0 0 1.5" euler="0 0 0">
         <freejoint name="root"/>
         <geom type="box" contype="1" size="0.32 0.3 0.05" mass="25" rgba="1 0 0 1"/>
         <geom type="sphere" pos = "0.32 0 0" size="0.05" mass="0" rgba="0 0 1 1"/>
         <site name="body" size="0.05" pos="0 0 0.05"/>
         <body pos="0.32 0.3 -0.25" euler="0 0 0">
          <joint name="joint1" axis = "0 -1 0" range="-90 90" pos = "0 0 0.2" class="big_stiff_joint"/>
          <joint name="joint2" axis = "-1 0 0" range="-90 90" pos = "0 0 0.2" class="big_stiff_joint"/>
          <geom type="cylinder" contype="1" size="0.05 0.2" rgba="0 0 1 1"/>
          <body pos="0 0 -0.4" euler="0 0 0">
           <joint name="joint3" axis = "0 -1 0" range="-100 100" pos = "0 0 0.2" class="big_stiff_joint"/>
           <geom type="cylinder" contype="1" size="0.05 0.2" rgba="0 1 0 1"/>
           <site name="foot1" size="0.05" pos="0 0 -0.2"/>
          </body>
         </body>
         <body pos="-0.32 0.3 -0.25" euler="0 0 0">
          <joint name="joint4" axis = "0 -1 0" range="-90 90" pos = "0 0 0.2" class="big_stiff_joint"/>
          <joint name="joint5" axis = "-1 0 0" range="-90 90" pos = "0 0 0.2" class="big_stiff_joint"/>
          <geom type="cylinder" contype="1" size="0.05 0.2" rgba="0 0 1 1"/>
          <body pos="0 0 -0.4" euler="0 0 0">
           <joint name="joint6" axis = "0 -1 0" range="-100 100" pos = "0 0 0.2" class="big_stiff_joint"/>
           <geom type="cylinder" contype="1" size="0.05 0.2" rgba="0 1 0 1"/>
           <site name="foot2" size="0.05" pos="0 0 -0.2"/>
          </body>
         </body>
         <body pos="0.32 -0.3 -0.25" euler="0 0 0">
          <joint name="joint7" axis = "0 -1 0" range="-90 90" pos = "0 0 0.2" class="big_stiff_joint"/>
          <joint name="joint8" axis = "-1 0 0" range="-90 90" pos = "0 0 0.2" class="big_stiff_joint"/>
          <geom type="cylinder" contype="1" size="0.05 0.2" rgba="0 0 1 1"/>
          <body pos="0 0 -0.4" euler="0 0 0">
           <joint name="joint9" axis = "0 -1 0" range="-100 100" pos = "0 0 0.2" class="big_stiff_joint"/>
           <geom type="cylinder" contype="1" size="0.05 0.2" rgba="0 1 0 1"/>
           <site name="foot3" size="0.05" pos="0 0 -0.2"/>
          </body>
         </body>
         <body pos="-0.32 -0.3 -0.25" euler="0 0 0">
          <joint name="joint10" axis = "0 -1 0" range="-90 90" pos = "0 0 0.2" class="big_stiff_joint"/>
          <joint name="joint11" axis = "-1 0 0" range="-90 90" pos = "0 0 0.2" class="big_stiff_joint"/>
          <geom type="cylinder" contype="1" size="0.05 0.2" rgba="0 0 1 1"/>
          <body pos="0 0 -0.4" euler="0 0 0">
           <joint name="joint12" axis = "0 -1 0" range="-100 100" pos = "0 0 0.2" class="big_stiff_joint"/>
           <geom type="cylinder" contype="1" size="0.05 0.2" rgba="0 1 0 1"/>
           <site name="foot4" size="0.05" pos="0 0 -0.2"/>
          </body>
         </body>
      </body>
    </worldbody>
   <actuator>
     <motor name="lu1" joint="joint1"  gear="100"/>
     <motor name="lu2" joint="joint2"  gear="100"/>
     <motor name="lu3" joint="joint3"  gear="100"/>
     <motor name="lb1" joint="joint4"  gear="100"/>
     <motor name="lb2" joint="joint5"  gear="100"/>
     <motor name="lb3" joint="joint6"  gear="100"/>
     <motor name="ru1" joint="joint7"  gear="100"/>
     <motor name="ru2" joint="joint8"  gear="100"/>
     <motor name="ru3" joint="joint9"  gear="100"/>
     <motor name="rb1" joint="joint10"  gear="100"/>
     <motor name="rb2" joint="joint11"  gear="100"/>
     <motor name="rb3" joint="joint12"  gear="100"/>
   </actuator>
   <sensor>
     <framezaxis objtype="site" objname="body"/>
     <framepos objtype="site" objname="body"/>
     <framelinvel objtype="site" objname="body"/>
     <framexaxis objtype="site" objname="body"/>
     <touch site="foot1"/>
     <touch site="foot2"/>
     <touch site="foot3"/>
     <touch site="foot4"/>
     <velocimeter site="foot1"/>
     <velocimeter site="foot2"/>
     <velocimeter site="foot3"/>
     <velocimeter site="foot4"/>
   </sensor>
</mujoco>
